,0,1,2,3,4,5,6
0,1.3501793345012147,0.40068275587088453,-0.05692079657132405,-0.3788903847785352,-1.0068949271667238,1.3425401207718135,0.0
1,-0.5413105521897383,-0.003854332112712834,-0.2145207128518927,1.2344700338546857,0.9250651981405533,-0.7151133121655494,1.0
2,0.9588778643724084,-0.19894770713755855,0.024274663324483345,1.2669334627903297,0.5169180163985587,-0.6796204085282926,1.0
3,0.6315583623467306,-1.1566342231393185,0.9724127094741732,0.8870069944204159,-0.5329036402601556,-1.236998436762812,0.0
4,-0.5056665411190371,-1.4120803441902565,1.2977155912766716,-2.0973060691329204,-1.1210916059858913,-1.1492710234666377,0.0
5,0.2722446983938712,1.537441451494201,-1.4346404643000752,1.681932889017915,1.3130510508970672,1.1803951144392328,1.0
6,0.2506920535421107,-1.2935651208525547,0.7814763538445677,-2.076051194800413,0.7066587510490562,-2.3827234315267445,1.0
7,1.0523218625156017,-0.220851172346035,0.45003688391623997,0.3392558043174674,-1.2269369877587832,0.6269454275913026,0.0
8,-2.087163592599406,0.5542523250428171,-0.704808328255802,-0.22376714213731927,1.2718956146407714,-0.187031320373104,1.0
9,0.3647021135596895,-1.4039599981726325,1.2540470370999866,0.25298083891447737,-0.960544172531541,-1.260874353717052,0.0
10,0.5300347773322018,0.5286537599744171,-0.3477670117896239,-0.057498751271035695,-0.16794778764060225,0.8810656458922151,0.0
11,0.5587398659741478,-1.1210121390491232,1.108460085746089,-0.7895357860022332,-1.2230071406077574,-0.6569242400412945,0.0
12,-1.4249136858817235,-0.07600430547103607,-0.13473459988487113,-0.5956990838608235,0.8104110575844196,-0.7298241869242734,1.0
13,1.1581083488761257,1.5956051027104157,-1.485755036593621,-0.7374414867950356,1.3492761441868406,1.2353684916769008,1.0
14,0.5961535026855747,-1.1623755404991036,1.0474993763214662,1.4414864278686097,-0.8345905388350954,-1.013740121188506,0.0
15,-0.07199899235665234,0.7926791916929325,-0.7774124958405009,0.5735241001701837,0.837599310498608,0.4853845519370126,1.0
16,0.2856711676602029,0.3622588488049424,-0.4028197637161022,-0.357661647743519,0.5851196379483263,0.06661206691167809,1.0
17,-0.7091144776384353,-1.028389827005892,0.9311381785658002,-0.45089714497709016,-0.7570427251877229,-0.8825773524124959,0.0
18,-0.27442412289534407,0.9765989881729035,-0.9776180461094239,-0.5568452150529574,1.1163339962304148,0.5332664854998019,1.0
19,-0.5228165287306334,0.027738427633543825,0.2333591540978864,-0.6524343942889906,-1.0797066050684485,0.8677257451935902,0.0
20,-0.4231662555612903,-0.33086523636906934,-0.000922204314523868,1.707147623851481,1.0354258121188986,-1.2650819252428105,1.0
21,-0.7502206058602152,0.07637615221450822,0.17226154586569678,-0.6532914660445411,-0.971293546441535,0.8537682342713553,0.0
22,0.9490293133986918,-0.008666091396072592,-0.21816632855022686,1.721271082139812,0.9555828399607822,-0.7453705091014102,1.0
23,0.600743748112021,-0.9792364330157016,0.8038438031671812,-1.4388551153279783,-0.3684887998739146,-1.1107006196196558,0.0
24,1.9156275988651366,-1.4146444760054695,1.3852665997056262,0.586991160805806,-1.4857347276811614,-0.8731973394655674,0.0
25,0.6010783174267464,1.311323151567483,-1.1631512402350117,-0.30598790799895814,0.8624742695583005,1.20429036996433,1.0
26,0.2761541814196187,-1.044220481933205,0.9472825699880772,0.7991869368023858,-0.7764035081809059,-0.8902511773380302,0.0
27,-0.06074317232845511,-0.4171942708078572,0.08238780731541404,-0.41447242043221305,0.9499775934914886,-1.3223726606061856,1.0
28,-0.4502489910110959,0.44711601372500936,-0.589183182718598,0.06262627746534918,1.1137752968617163,-0.21818143679708146,1.0
29,-0.4115026310069041,-0.43808308612480307,0.019927945068337945,1.450298036424239,1.2809436557935836,-1.605983872474528,1.0
30,2.207467474297887,-0.971394418576393,0.773592989014509,0.06511131063821639,-0.2641825998774572,-1.1795566494839598,0.0
31,-1.31138144657269,0.9143931162376219,-0.6391102990977203,-0.3018932124295901,-0.13049990223045216,1.4012142952522375,0.0
32,-0.20174095786714977,-1.1564952837618478,1.1183976749966231,0.9313541173036355,-1.154682041222407,-0.7598268629279081,0.0
33,-0.35120316206021246,-1.1108473042683196,0.9403221945531557,-0.3951597847008939,-0.5390637431295413,-1.1671219255343424,0.0
34,-1.9544727897831187,-1.120725886594621,0.808165733640998,0.4727572959203465,0.054221564993722104,-1.6362948076919364,0.0
35,-0.6566499798573224,-1.3122674547192572,1.1287268249921192,-1.1640690119498949,-0.7130121759254306,-1.3202882497781914,0.0
36,0.6755236488414709,-0.8665435220109643,1.1694543921811478,1.0973890074155064,-2.2759404929992435,0.512881828067584,0.0
37,-0.9944284166929517,-0.14049377700743518,0.3830124825012968,-0.3508052480971404,-1.192186937351022,0.7146302012499439,0.0
38,-0.8018197497525059,-1.2445934028587329,1.2768976180335947,-1.2802607059888536,-1.5546404514191576,-0.5783702161301952,0.0
39,-0.6281459029400108,-0.15039833671364533,-0.09866583811708338,-1.1662651218172724,0.8888239582069416,-0.8958322782739545,1.0
40,-0.6569041208799452,1.2974922265968203,-1.1916493702655615,0.09696088396042085,1.0268878910346153,1.0584863857169988,1.0
41,-0.011165399821803625,-0.45278541579879983,0.7577990859106186,-2.21366501592052,-1.8137681185535404,0.7470874644795448,0.0
42,-0.31401351634466645,-1.3881336060058993,1.2046823116071896,0.6236997722939139,-0.7997767958733079,-1.3616813351244073,0.0
43,-2.7464311950040674,-1.1931075179078854,0.6117192354679932,-1.0170076605915288,1.1159985130725074,-2.553790099763291,1.0
44,-1.2514279189985507,0.6969571995805461,-0.6982771405336157,0.5138318506277224,0.7992027292120572,0.37863451931208025,1.0
45,1.608543211564145,-1.2394292901291457,1.2087968112129495,-0.6620318393455272,-1.2808874785414102,-0.7810213877527162,1.0
46,1.3983170103208913,1.5030542088400174,-1.3289788324987377,-0.13613520949709068,0.9705362658930122,1.3942122088012419,1.0
47,1.2716401794914574,-1.3964088696805714,1.4920519388439295,1.6913354285615543,-1.9970885037870496,-0.4549837873549638,0.0
48,0.9057241989623885,0.47121873538564824,-0.09117190146893539,1.2924456458397244,-1.081016382644057,1.4997665013075818,0.0
49,0.8572055332938198,0.47187251181434775,-0.6336609962570352,-0.02816101808326306,1.225902494032703,-0.26896913066466643,1.0
50,2.2449617264682953,1.061555563320442,-0.9875135832691063,-0.26523101484450995,0.8935922586425078,0.8250206378717154,1.0
51,-0.4594891991035242,-0.10031163901518625,0.38546394571167397,0.6835630296586612,-1.3278921781195092,0.8759072420509052,0.0
52,-0.2242726887391798,1.707901322516416,-1.6179053487096384,-0.5148305513819372,1.5616448762803126,1.2322461063605605,1.0
53,-0.22421639157106102,1.2344297750541442,-1.0852938084184511,-0.4729293764916136,0.7708170004581489,1.1651888390559397,1.0
54,2.3043707596911918,0.3282584674324443,-0.41306503005409345,1.330719843275005,0.7347249235255461,-0.09653173824327321,1.0
55,0.3001587827161112,-0.6467899799404302,0.9629455156598596,1.2843258769119132,-2.082092185536043,0.6768696218773809,0.0
56,0.6249454070116773,0.9452748789922563,-0.8185049324118724,-0.03561079484918604,0.5367679556326742,0.9332871066259766,1.0
57,-0.7477026522028833,-1.281923066047917,1.2350855255066977,0.10117253367035814,-1.260300246557667,-0.8572792559140866,0.0
58,-2.760845015193492,-0.0976103188590756,-0.057540741232358014,1.1195307928011515,0.5492150190877729,-0.5602010670084232,1.0
59,-2.8262870738697394,-1.1346785351888866,1.1778017044063347,-0.6768346249376905,-1.47553469470153,-0.48265339889365977,0.0
60,0.48536411280523384,0.4361203441075161,-0.4098130949436912,-0.48127871094836305,0.3846153125454205,0.3255202400829139,1.0
61,-1.5608652862668522,1.0398270498277309,-0.9949050746618587,-0.2091885784417102,0.9927926296719168,0.7180049227358929,1.0
62,0.9159800770902661,0.26862996465683253,-0.007777540459274465,-1.5607826753635174,-0.8043739302469632,0.9992835051385771,0.0
63,-0.5940744816386153,0.8470339142990135,-0.48464666802908113,-0.7498559023804209,-0.5779341996104554,1.648600053938389,0.0
64,0.9172489987047298,1.216419551840613,-1.1863015674679367,1.1781281256724432,1.2568774293414111,0.7666988269630348,1.0
65,1.6076384028241815,1.9047423373322272,-1.728222435709391,1.2075990959574705,1.4175107955767607,1.6229017134816024,1.0
66,-0.584969451600159,-1.1227653477725288,1.0792679711349753,-0.16414759287042174,-1.0932930771824843,-0.7589241686074295,0.0
67,-0.5073292453117562,-0.26250664898607634,-0.043629020453263986,0.5464277143216334,1.0040819949410202,-1.1437690482141887,1.0
68,1.9685781113081642,-0.010643699825791296,-0.3335663445918688,0.14950756127554232,1.4529169417004757,-1.129695602144563,0.0
69,0.5620107959118172,1.1046027447263003,-1.0225796279974788,0.5079381645607298,0.9086380540921833,0.8747314220277743,1.0
70,1.001250189273823,0.39573440503119434,-0.038731574248113396,-2.3421543481477296,-1.068885490619313,1.3830527496716174,0.0
71,1.5890107598812129,-1.057134389330403,0.8834597914733194,1.0248088090222618,-0.46449902217937566,-1.1478923809245865,0.0
72,-0.6075446186453981,0.9318502273427025,-0.7482548099072597,0.3659466743537447,0.27961994321912775,1.1114463408262454,0.0
73,0.229716882486482,1.1455057968226285,-1.0680216027988965,0.4302409509798489,0.9745306766161533,0.8823860587790466,1.0
74,1.608468702473687,1.215097912215506,-1.1791809621612424,-0.4603176150702584,1.2306908368883367,0.7849063002668688,1.0
75,0.9955714689409906,-0.9907154563712123,0.8141101892585675,-0.8733758126998225,-0.37639803807826455,-1.1209670518053374,0.0
76,0.30189369284960255,1.0618138799157517,-0.9699108627956551,-1.3067760180793944,0.8178657490897787,0.8834789399190499,1.0
77,-0.1315217133183505,-0.30310427193025336,0.01680987866761146,0.945849969875729,0.8734068470547127,-1.1012936107761941,1.0
78,0.05151131578114767,0.07955352630696806,0.09934990362043876,-0.3094783256849721,-0.6708707350577674,0.6278313351298777,0.0
79,-0.23174326617781468,0.3281534384077471,-0.0756464613264898,0.5937255138314694,-0.7010778786058729,1.00474083925036,0.0
80,-0.626598932948127,0.5670872097821191,-0.24019320380175074,-1.574990996709978,-0.7456259729069652,1.3788973400532585,0.0
81,-0.17832487617687062,0.5030844103133782,-0.202121040796776,0.6090750693155932,-0.7081355586836942,1.2590672606931732,0.0
82,0.9891443900510586,0.7952264582931918,-0.7436863190967892,0.8965606547911036,0.6861117030820177,0.6052171135100091,1.0
83,0.6711904752069384,0.207642473576369,0.0028048434778268363,-1.2583403515331915,-0.6592812405343089,0.8012009299806548,0.0
84,-1.6824499437455933,-0.9705628707492996,0.7637429523375577,0.4162463006703263,-0.22485102304127935,-1.2085451626415502,0.0
85,-0.2510045558115939,1.8281271874442206,-1.6527588266437672,-0.2069743587291652,1.3351747857147611,1.5770456233398416,1.0
86,1.0900712899990497,-1.4504831690310778,1.475837016151709,0.6470238308774175,-1.7594928439449617,-0.7141896276128517,0.0
87,-0.4766151290159914,0.24130830528516223,-0.33346606082703206,0.5664462044108556,0.6670081649611186,-0.16830830880600456,1.0
88,-0.44591689511787724,0.3004952895320119,-0.1313822615384972,-1.8152503803499664,-0.3776269780932858,0.7172623956145207,0.0
89,1.9294901885556928,0.7825552764176125,-0.6016162030935148,0.05293232185954525,0.12093244257171532,1.0207430400051611,0.0
90,-0.4299930065766604,-1.428911100831476,1.2655728711780005,2.5753148988074788,-0.9318135474618136,-1.318417337601265,0.0
91,-1.5273740252080072,-0.24712652344729602,-0.13634259920620426,1.1077478229132762,1.350743233508313,-1.387812502866958,1.0
92,1.235693519669269,-0.49650570843363134,0.8287360548182383,0.11561851340595575,-1.9793902511521693,0.8119278624107549,0.0
93,0.34857767803921763,0.02420659536704413,-0.35274536452310784,1.0276243670352756,1.4258984375871826,-1.0593802704031627,1.0
94,-0.7200364841176826,1.4973249113076075,-1.3180217546955995,1.2656818975584243,0.9417620240304025,1.4081329651078631,1.0
95,-0.9633020162529823,0.47374799679682816,-0.609498706877445,0.18777962149562122,1.1172153050856921,-0.18292518759624954,1.0
96,0.3965877318910553,-1.2683011874604115,1.0666083701860616,-0.2593264114141424,-0.5856904937552276,-1.35539789848644,0.0
97,-0.08389711699901202,0.8150938988249955,-0.8584689250820562,1.3373703257261695,1.1127141567237224,0.30623484776653576,1.0
98,0.43345977283522513,-0.794598339077114,0.30256019275510154,-0.7693514709869596,1.1894632939853265,-2.0431000474121936,1.0
99,-0.5830677026203106,-1.1298564919005574,0.9303285407437625,-0.9537832823338857,-0.43726570767238737,-1.272260963984321,0.0
100,0.16699558291416974,-1.1520981418584235,1.0938350279553959,1.1394461273899297,-1.0638462902621901,-0.8232513156583944,0.0
101,2.649852812879572,-0.06365605625849796,-0.18742866191102178,-1.3694242061169704,0.9961922568577631,-0.8547686913528025,1.0
102,0.6161331432224273,1.3707558549324816,-1.2813144379115007,-0.195126143042931,1.1801171968334203,1.045190415250476,1.0
103,1.2260408500490727,0.329589266932322,-0.09934474675908979,0.16104925851182306,-0.6046888994324976,0.9328427312934966,0.0
104,-0.27881907905069264,0.9341886267971881,-0.878266455057307,-0.11990569525508642,0.825688940579365,0.6958774330208443,1.0
105,-0.5945268611874579,-1.186941634022896,1.0832900886458645,-0.2500445048848392,-0.91033705822506,-0.9905895635833509,0.0
106,0.2677114113875473,-1.3324764849066841,1.438590017597356,-1.1809709437212084,-1.9688570797407232,-0.3856699344449357,0.0
107,1.4776948657422442,-0.49491803033383064,0.20069431495337622,0.26831358181929876,0.6887486399242659,-1.2325752292055525,1.0
108,-0.5156989868123405,-1.1440186344230279,0.5684522584005632,0.8682841277987908,1.147113819955716,-2.507809590641342,1.0
109,0.36582698444854767,0.7416244675712373,-0.6489462675383848,0.1662579674365669,0.44998527192753945,0.7100813840134499,1.0
110,-1.1951122199058781,0.7368467050782885,-0.6749265370662335,-0.2979910825495067,0.5754582968444867,0.6070311170574945,1.0
111,0.4104757126761417,-1.4146803057721777,1.4475773302527137,-0.8521096639858932,-1.7508316790572733,-0.6698891836721876,0.0
112,-0.4354291455070813,1.6642187112637803,-1.4865865480721163,1.3565842444517595,1.1389064474695072,1.4943772014707082,1.0
113,0.1550424098289674,-1.3081681246424224,1.1625918731048854,-0.05308127701699867,-0.8699295422661205,-1.1940819945174503,0.0
114,-0.8456054907082903,-1.076624100086375,0.502903726342447,0.7082626330961612,1.2159950633693264,-2.464752361031448,1.0
115,-0.1429223898556025,-0.01404444699934346,0.3362300560963191,0.08487997510452054,-1.387286892891196,1.0442207800683627,0.0
116,0.08410248955119308,-1.2437885335535057,0.9856745667235929,0.5703709847514323,-0.31763809944198673,-1.526144703011742,0.0
117,-0.22523485082127878,1.1124273316484883,-1.0148488902852624,-1.172806447350027,0.8513404549357988,0.9298188602662741,1.0
118,-0.11619267041614836,-0.7482998210330088,0.36297708498229103,0.006902762450572842,0.7879756535100195,-1.6692349462931206,1.0
119,-0.10491270176130858,-0.03661737013869904,0.34430577572401333,1.8832190222342806,-1.3512859735845186,0.9844846177651994,0.0
120,-0.763287792611161,-0.0749746393701806,-0.2157625242706398,1.0789223176339442,1.1520742768988215,-0.9904531231208147,1.0
121,-0.21418839663875722,0.4528184654531087,-0.44320575209011687,1.3919526010575842,0.4746842400634391,0.28018730927595636,1.0
122,-0.7468139016998238,-0.46753913472087644,0.8609419981899259,0.6719620264242762,-2.2067718510182113,1.0275721424568485,0.0
123,-1.1670462471243384,1.007010693257249,-0.9877423878033268,0.4093156020340117,1.0646144049774828,0.6162145768865708,1.0
124,0.007981217096215259,0.9061061086833694,-0.8013912529363946,1.537228356879379,0.5860402347740132,0.8397557948198203,1.0
125,-0.676244460787854,0.5861308203874135,-0.40365224790467497,-0.9233201309236448,-0.1092771575136624,0.9178438129374864,0.0
126,1.3687978428207752,-1.399492574619488,1.1983339151608468,-1.0571524003232216,-0.7373440183126118,-1.4257371665127587,0.0
127,-2.2926208971222946,0.8271916602161764,-0.8416876032691987,-0.018695486314901567,1.003573224098083,0.40717232193286423,1.0
128,-1.037810457443577,0.9100834220872561,-0.9476269096806014,0.13090932458567747,1.196052864194775,0.37746697856196876,1.0
129,-1.179855285514991,-0.7514525114968014,0.39388263435531756,0.6378359538979672,0.6662633824115325,-1.5803539823602266,1.0
130,-0.17617045187918734,-0.7241290014034215,1.1323080533858556,0.21921994845539886,-2.5618266794992604,0.9348327969271578,0.0
131,-0.7955835336254458,0.3747494076948588,0.04015668561992112,0.5891921939461806,-1.3392293571139307,1.5605769359617971,0.0
132,0.6399557062827564,0.7285021620222356,-0.5409282817556457,1.941883652631658,0.031146046001131245,1.0127061545117144,0.0
133,1.081417480056834,0.8279683888215518,-0.7541512354072584,0.6474846453662008,0.6285769976077977,0.6959417698720681,1.0
134,0.310591078357952,-0.08525707675200518,0.3342571396895495,-0.754681219337781,-1.156878241591039,0.76614174779918,0.0
135,-0.8054762990801922,1.3219957246923864,-1.186411170100225,-1.239237356776904,0.9282011655752542,1.1690566519024996,1.0
136,-0.19247786782372422,-1.1811991499367864,0.6788539952323754,-1.13402516923417,0.7931323361746225,-2.2891708479077497,1.0
137,1.8346759517719584,1.459176326783968,-1.4123277518870594,0.05093233487261264,1.4620812943264823,0.9547073414182985,1.0
138,-0.46910988426742534,-0.018820455774444377,-0.17136446759397617,0.7674891125838517,0.7880405659579958,-0.6312955913235754,1.0
139,0.656876390391311,1.5979754884553417,-1.443541437183131,0.38004322623495,1.1622155750171825,1.3822378237200845,1.0
140,0.08853277516316864,2.264405952625632,-2.022433809645315,0.9380349887989762,1.5484592654577638,2.0342212770042094,1.0
141,-1.693842452234402,0.20948555223994345,-0.49599242476302075,-0.6825377749050566,1.4579675247305548,-0.8203441426446871,1.0
142,1.4751314787351062,-0.4199220778742235,0.7432148551595259,-0.38072750261469057,-1.8541485819916246,0.8248256430983496,0.0
143,0.9334998458828371,-1.0944832639083522,1.0112988173137827,0.3433870374824615,-0.8921727036425587,-0.8729630062286483,0.0
144,1.4063702599096395,-1.2725729544645186,1.1491058780452712,0.3706222314724945,-0.9235010677406883,-1.1023376169843133,0.0
145,-1.057715346507098,-1.0969894560355835,0.9094118683569753,-0.5522377103149669,-0.4507053866257089,-1.2151841313121134,0.0
146,-1.0885136643094946,-0.4211301616968281,0.10288095266126644,-1.4039289544303577,0.8750245786094015,-1.2704757282051296,1.0
147,-0.3545022020281619,-0.05905682368803384,0.44966640599940255,0.49397639326493264,-1.7297678829896057,1.2428932579382264,0.0
148,0.10332670114473333,1.2876444353176977,-1.1482280665767413,1.4397843728649171,0.8727782704350429,1.1626931778276943,1.0
149,-0.8377419800599855,-1.1823664455739706,1.1998254310461658,0.7523315437189524,-1.4206015454905896,-0.5926492696792125,0.0
150,0.11453125497272551,0.8178644605853913,-0.5417931213910766,-0.5430146026645004,-0.2437676159488643,1.350751015186351,0.0
151,0.39440787445220366,0.6912820617431251,-0.44172071977113425,0.4910863939643443,-0.27506707247171325,1.1946448696271017,0.0
152,-0.4690632484649611,0.05601224182498024,-0.25575165155824514,-0.889432460565528,0.9139142895782303,-0.6213741010208838,1.0
153,-0.5079262347214938,-0.20064646736393624,0.5760848162812209,0.12140984707725444,-1.8264155792542125,1.1155624771531658,0.0
154,1.5041959315963622,1.5853600094863625,-1.382081497767729,-0.30676329811203895,0.9399579177381765,1.5347836226726714,1.0
155,0.019051496176367626,1.009590148385383,-0.9480966845475705,1.8896870014032878,0.8878315947019918,0.7554972019532191,1.0
156,-0.5582160390479682,-1.1285066162803723,0.9366168089359104,-1.0493417240824614,-0.4682383613837986,-1.2465806975934817,0.0
157,0.48570808942518284,-0.869527358322556,0.41834729480365085,-0.849340282457249,0.9302446620392875,-1.9508680729018064,1.0
158,1.0096347964875187,1.6632192812357773,-1.5278522746677232,1.3644220633165136,1.3176585823448241,1.3558321290210957,1.0
159,-1.5882277453539964,0.6826370079103146,-0.4648450356243801,-0.5822654604577135,-0.1496930246875824,1.0861676916886271,0.0
160,-0.5765175491905095,-1.2870724753895884,1.1785790876892854,-0.45714459264689417,-1.003742259496925,-1.0614152358000097,0.0
161,1.6180157668875756,-1.2584190245995759,1.2146056135632795,-0.04118824575321288,-1.2464089406985053,-0.8344911296497486,0.0
162,-0.9942401053774225,-1.361958385749359,1.4273690067020124,-1.0818456256164561,-1.8291855530978005,-0.5347640044625539,0.0
163,-0.9431352699601819,1.1373039781060588,-1.2043103550374812,-0.46065411915758037,1.5801765032018444,0.4061171673036954,1.0
164,0.4659318633417281,-1.3348938505490473,1.2903360608606664,-1.5899153648571536,-1.3303181467103347,-0.878940732210621,0.0
165,1.4100290964750153,-0.9884172251425782,0.7234404468834601,-0.9551815811583669,0.0023480930894512753,-1.4082376828552938,0.0
166,-0.1897519577528727,0.8467494203627054,-0.8026100536923607,0.5358304386384309,0.7762772857634423,0.6093629219646814,1.0
167,0.7143219786838135,-0.19632712949893083,0.03692270140527448,0.26166531977989116,0.45491521196036233,-0.6283284266021589,1.0
168,0.18573771152005394,1.2476927160658098,-1.1846622026659293,-0.34676100367142354,1.1524031527060359,0.8913414732029864,1.0
169,-0.558183964548198,-0.5815405498592422,0.17939991393786006,-0.8388684408171714,1.0494355787464102,-1.6325193474142865,1.0
170,-0.34649648389487236,1.3358329723820879,-1.1567253233223316,-0.945597008384345,0.7587126396302435,1.3187626546230158,1.0
171,-0.36126320842382,-0.6812578802802245,0.33947217156269527,2.1876527869193465,0.6790089257931604,-1.4902500578055995,1.0
172,-0.5414573135508407,-1.3415333719723184,1.3869996612885207,0.4082465597479276,-1.721041158352702,-0.5886597874920797,0.0
173,-1.6051745139192486,-1.221513622234285,1.0500054526042069,0.6872235863069375,-0.660888937206204,-1.2311373878523142,0.0
174,1.9456587451060534,1.8602053340612177,-1.7637134759235005,-0.16747565262788766,1.7074166626031246,1.337138856640932,1.0
175,-1.3530656023439507,-1.1172770238059355,1.041236354067771,-0.169569585956649,-0.9485321771907189,-0.8621626054183392,0.0
176,-0.4480581899617114,0.32366786509975415,-0.45786782329516923,-0.24696590678609423,0.9397274063381105,-0.26032371899941054,1.0
177,0.6969873342818148,-0.45174522944964257,0.8317530429904179,-0.4288297038306725,-2.131775864900829,0.9925152256475718,0.0
178,-0.5108956210828826,0.34410642402287783,-0.05069436717063448,-1.7262567031556633,-0.857014469907479,1.1470615069704433,0.0
179,0.2999875538944021,1.5758017286214863,-1.3905420237218074,0.2719306150885601,1.0057666010747346,1.4707003229490865,1.0
180,0.0618010228733646,-1.54550030814878,1.469736931521532,0.301885675377178,-1.4373054292573915,-1.0965451397403274,0.0
181,-1.0524327636691624,-0.34978999471735284,0.5984069599571932,0.8882441639193002,-1.45645598910024,0.6195429409238653,0.0
182,-0.1867430566368727,-0.5223952316318345,0.9015705181311943,-0.04673531349234159,-2.208677502146907,0.9509782759543327,0.0
183,-1.821381005287104,1.145831207993684,-0.98534062887634,0.4940394448249276,0.6216071327629376,1.153581092234922,1.0
184,0.6166492180769934,-1.3032179899713436,1.483891779046714,0.2630212417749312,-2.2528875519057543,-0.12615422639118612,0.0
185,0.6969644733518952,1.5922832950516503,-1.4544099322567594,0.8307274118111972,1.2262202644350415,1.3250395145055656,1.0
186,-0.23673670298197053,-0.9239102745564902,0.7461160237368614,0.6865464671976427,-0.29527026497183617,-1.0881428862309315,0.0
187,0.20082238064446828,-0.6068389470270724,0.18931658796087045,-0.6331073441132055,1.0860978756870423,-1.6966409860725853,1.0
188,-0.18951910261681074,-1.0654249939327824,0.9007938084348117,0.17621054098346814,-0.5124298746875994,-1.1229208818336207,0.0
189,-0.3254488058770066,-1.1762729027181698,1.1140731304295366,-0.3524603177766692,-1.074617374787032,-0.8493873807313898,0.0
190,-0.24026534994541618,-1.051820521795557,1.0387926837415182,0.6740313154273403,-1.1421976089211434,-0.620460246163797,0.0
191,0.7143256207097123,0.08060517406512926,-0.3831193705717906,1.6081183968849755,1.3793497242047463,-0.9434216389637324,1.0
192,-0.06828098587639962,-1.364041294670999,1.2880765712464206,-0.48590561781395775,-1.2298315921180412,-0.9974996228199984,0.0
193,0.5625264545667209,0.9671606225569787,-1.0023874087650435,1.028932939144341,1.2511829550883897,0.41639216907079035,1.0
194,2.497126656915705,-1.1269772725827873,0.8022725641406543,0.646252513422729,0.09879346693517865,-1.6793816711967684,0.0
195,-0.5165974416107013,-1.3312285302161448,1.2121844523389456,1.195534207989003,-1.0091140601970194,-1.1201248962488544,0.0
196,-1.2088692701751762,-0.9498434423074595,0.9190751848775373,1.0353740406584861,-0.9505749568677183,-0.6223513459023295,0.0
197,-1.011569772326945,1.3975096119359771,-1.2350500354374434,0.02788044653120132,0.8997982402695727,1.2982949378367075,1.0
198,-0.009154569626427493,0.7212890487890112,-0.45520014317585467,0.020939274371829974,-0.3112449290723669,1.2650948243291047,0.0
199,0.2829621343293747,2.145150407342169,-1.9349051742857049,-0.7267572146999923,1.547706840384857,1.8651076372521316,1.0
200,0.8547107561795847,-1.4746415085866937,1.4680953069262022,-0.18526475957857966,-1.6512266753201903,-0.8316172704937816,0.0
201,1.140155826212343,0.5829436284727434,-0.34865436486118956,-0.7431191949375455,-0.33342432391129007,1.085254754792338,0.0
202,0.007072236206785881,-0.8389644085095793,1.2596843004680067,0.9285814068045822,-2.74595977023663,0.9126822190419532,0.0
203,-0.24082344962226782,-1.3480155554932616,1.3337909382636217,-0.3399517279043117,-1.4743639585407649,-0.787112521763268,0.0
204,0.08633040602466296,-0.4179616569569285,0.10495865143322451,1.0801746930442295,0.8563033348739941,-1.2516059097125967,1.0
205,1.007691690676587,-1.1918178397928683,1.0973192612344265,-0.24969151778843432,-0.9548464214367463,-0.9633843223349561,0.0
206,0.4137389194990992,0.37508518889918124,-0.1287717795997785,0.35135384819852156,-0.6212781805942096,1.010305529059798,0.0
207,-0.12821714171252743,0.18023274419812457,-0.3359096792636436,0.8539190957951176,0.8678170518255846,-0.4092567818541071,1.0
208,0.20247184560470105,-1.3274507871138657,1.4052064641532183,-0.5988279496792517,-1.8424371199193632,-0.47549708900956844,0.0
209,1.2035160011874355,1.4189517186184837,-1.2770526655640486,-0.013482036866127914,1.0117233923489217,1.242946128826636,1.0
210,-0.20973155601693608,1.458872410774928,-1.2836174254733388,-1.0300759072111667,0.9152083294240598,1.3737878852767869,1.0
211,-0.42540541153775613,0.5041329830957093,-0.6314985907228705,-1.3751791969105807,1.1161240227017342,-0.13885271454929315,1.0
212,-0.04725832512077296,0.8464709778912086,-0.6512903268598685,-1.3617479876491296,0.1330941498977809,1.1023604316991484,0.0
213,0.6002178858196262,-1.2767592458431176,1.2923971780695038,-0.012007561866400817,-1.5203303379749717,-0.6504592765108754,0.0
214,0.639630774228187,1.7308671337222152,-1.548765310250726,0.5736126852357148,1.1957712508320748,1.5455907344928232,1.0
215,-0.018077355913465258,1.309228675898759,-1.0102815949015747,0.48513842965709036,0.21835596669396673,1.6954211919256588,0.0
216,0.14166079638057516,-0.3749662232949775,0.7023255071836093,0.8059825964817909,-1.8202679343171728,0.8628038649528723,0.0
217,-1.0386088537150726,-1.366843024071431,1.4415440769134558,0.39071274388527266,-1.8742896006017773,-0.5071145723925294,0.0
218,0.7449321945991216,1.0177098221186685,-0.9832590322357135,-0.2818227972309156,1.012176772876109,0.6716641112999655,1.0
219,1.1838820940253074,0.18954424753960308,-0.44454156257010025,-0.830135201808089,1.3011496674964877,-0.7284220684209455,1.0
220,1.19481900385762,1.171808507202438,-1.0767720043300602,-2.0908794518318827,0.9297734260374964,0.954146491253666,1.0
221,-0.10792339336522652,1.5842031276238686,-1.5051867807602137,-1.5958893780467116,1.4675287043243581,1.128431422444863,1.0
222,-0.22700542900732637,0.8000067083880349,-0.7163780278245814,0.925418689577708,0.5549785599958139,0.7126128665250264,1.0
223,0.20211465942187812,-0.5919461040779938,1.0100576513921018,-1.2746354715127441,-2.453592638238061,1.0398905231489028,0.0
224,0.2684480241695335,0.3942272151553313,-0.4108112560059082,-0.5261342985439899,0.5194691293389173,0.16246173766906902,1.0
225,1.4964622156775087,0.38755007251057744,-0.05779453460133852,-0.4602825195142441,-0.9622338345122687,1.2895933176751055,0.0
226,-0.5768978678052109,-0.11148559010498194,0.26795674069682024,-0.910167351360045,-0.792919014859451,0.44962312166015916,0.0
227,0.5699716520523976,-1.2473182990728546,1.2953280081252867,0.6011745391520362,-1.6245892899453018,-0.5285889032464584,0.0
228,0.8798080753580484,-1.145912093413473,1.1601768520323246,0.26563679102110155,-1.3654977313432928,-0.5830485392373705,0.0
229,0.18489702959676727,0.5177376787252359,-0.5124593729340157,1.8264606051407637,0.5670522101201869,0.30170540309037197,1.0
230,0.1887560444694519,0.18817717819824045,0.02499973682110415,0.6795207843726909,-0.6930630342744548,0.7994178456545685,0.0
231,-0.21565600287123887,1.123629554450356,-1.0204148433242222,0.6179482297595675,0.8401065294771307,0.9543763848030788,1.0
232,0.5276521629839394,1.4089597874906097,-1.2312330927583048,0.6403420653690103,0.8478555607598655,1.35443346570122,1.0
233,-2.0573670048288397,-0.749890531186179,0.28474077006329035,-0.8164875349134052,1.1259263947558118,-1.9307445747388692,1.0
234,1.2654332367207384,-0.9832600836843913,0.8149199001182029,-1.1709354659515985,-0.4030871144462239,-1.089885150130195,0.0
235,-1.6763127473861617,0.42957269033846673,-0.14949689340320085,0.5541021798978897,-0.7029368288979485,1.1504781185047257,0.0
236,-0.4928039733024014,0.07452128238997015,0.18682881863808826,-0.5601386641703211,-1.027512460004157,0.8942551285084703,0.0
237,1.584368666196797,0.1243654331952341,-0.42386014715210885,0.9045593012147091,1.4163253893692276,-0.9095188771783006,1.0
238,-0.3459832248580353,-1.2276328693323788,1.0427211519977513,-0.2755728099545135,-0.61080801889997,-1.2782622629322853,0.0
239,-1.113082654244679,0.4879453333095331,-0.6578435649749532,0.5531919303821315,1.2787206144142023,-0.28661625848461114,1.0
240,0.7142999000784837,-0.881264470641991,0.44485893904374263,-0.32516760538226014,0.8539965214933759,-1.9090781302265327,1.0
241,-1.4710008046676257,-0.7315825292000732,0.24959980568431603,0.10621694896157292,1.2184175751206152,-1.975644917790298,1.0
242,-1.1728869373632138,-1.0370817256779985,0.865289505081008,-2.377650291590031,-0.4496780426729,-1.1307284455623363,0.0
243,-1.4906239035621438,-0.05390536525624404,-0.19340692280611846,-1.7034190844659558,0.9912384821481082,-0.8370941582439614,1.0
244,-1.0179624963090301,0.2602663955808815,-0.4015352669671183,0.8782870244980148,0.8976227321476409,-0.3182397819925181,1.0
245,-0.025508067431048463,1.4629808075370323,-1.3414434255836294,-0.22775745127446131,1.1485206708772977,1.2006570234252332,1.0
246,-0.012872623732178599,1.3985306573730216,-1.2659546325791236,-0.4086900206371753,1.0281520443213081,1.2012860165380617,1.0
247,1.2112256047731227,-0.3547377031668297,-0.006075484565685468,0.11181208141507125,1.1317838049970417,-1.3729678863189259,1.0
248,0.8739361098987304,1.0196103677941373,-0.8449569108915929,-0.4245619915329961,0.4176063472242908,1.1304707328491768,0.0
249,0.07656820739754254,1.386474711925071,-1.3022124000931181,-1.4679729610306151,1.2200587987230378,1.0369173610832014,1.0
250,-0.6119665934686493,-0.35373293891729396,0.03707909432357878,0.3904054777907612,0.9449756548856951,-1.2282353551362803,1.0
251,-0.2359333199371851,0.20539343398450965,0.11746404699469407,-0.431872003835952,-1.140285338466866,1.1669849032748074,0.0
252,1.0530159326103188,-0.5579660872645409,0.2724420850056029,0.41096461700222114,0.5799315129750335,-1.2388124704344183,1.0
253,-1.2647242857133068,1.1025460052163263,-1.0032730339431901,0.5956486258761131,0.8328768563126614,0.9299221993756148,1.0
254,0.2473607219044352,0.8094695743648994,-0.8474051120555762,-0.1486180098122499,1.083158362913203,0.32090451025442746,1.0
255,0.8861161778907108,-0.23008557008647748,0.630259979713964,-0.9421239887815386,-1.965218484264378,1.180150473938248,0.0
256,-0.011589835457021873,1.107883756556462,-0.8927994857608439,0.8505795806705168,0.3460353900587181,1.3109794694702448,0.0
257,-0.9195242973664468,1.5441963989214325,-1.4040052268103729,-0.4971438590023585,1.1616013793641045,1.3061857587385077,1.0
258,-2.453154615812512,-1.1877805000155297,1.165423331366155,-1.46391049756207,-1.2572995996602283,-0.7256239592120366,0.0
259,-0.13400792269263498,-1.2480497722592299,1.3027278184401931,1.9862326438510336,-1.6538041368705316,-0.5072186603034554,0.0
260,-1.301649035863639,0.7506202720073336,-0.5652287884291196,-0.7805075344999086,0.0656194327487416,1.0177334463572685,0.0
261,-0.2204687359317778,0.0745288066929921,0.2465167979434384,0.2134499853276932,-1.2815815450714059,1.0891653614188013,0.0
262,1.1345780737935842,1.9310784038224766,-1.6900374857003455,-0.4910689892399641,1.1728820138605154,1.8480335238236214,1.0
263,0.6713344448870282,1.60567678135613,-1.4172100230839675,-0.9253853430918455,1.0261336425319345,1.49758625778402,1.0
264,-0.6695989604087154,-0.2519597440995491,-0.10792163830867468,0.8604147266406266,1.2448451332951107,-1.3134540405875057,1.0
265,-0.12865325034690714,1.7467505060658612,-1.5218134538373536,-0.5474505823650818,1.0315402414664312,1.6941750985740447,1.0
266,-0.03890107799611548,0.20368562956559014,-0.4384440932779168,0.3777912490531265,1.231110481002544,-0.65457212151221,1.0
267,-0.3953784481095604,0.7129723340138772,-0.6988134191912481,-1.5082548465836652,0.751556700564728,0.4379725944437298,1.0
268,-0.9099188420919011,-0.6729762693129153,0.38685787626847307,1.3972850176627092,0.4515059483925741,-1.3039456685747,1.0
269,0.7705319396404767,0.5126395114834205,-0.2309698893744473,0.37491196150998296,-0.6151371378654675,1.2013231491469756,0.0
270,-3.270590323466894,-1.2720154649717434,1.322969009576724,-0.1798612784438939,-1.6652401552934863,-0.5325471596067983,0.0
271,0.6107892542216508,0.8125931557850528,-0.8104576472158102,-2.2368052341095335,0.9161635092688247,0.4534529201259181,1.0
272,-0.9952896601297254,-1.0589234623819015,0.892523716155426,-0.04660186456573539,-0.49749956055013234,-1.1251229650560846,0.0
273,-0.36585512449929086,-1.2724393855279292,1.0182183063858008,0.4020108708592349,-0.36683017985789135,-1.5291766581922703,0.0
274,-0.356234897230242,-0.8099839422379054,0.31506204141838834,-0.2412240142275145,1.1842185151855653,-2.0609691610619056,1.0
275,-1.2802496482507297,-1.1549091228097463,0.8534448339285153,-1.1028944269631282,-0.031927427832792454,-1.6188487877191244,0.0
276,-0.17208700538614222,0.4666032020338977,-0.18995432374759338,-0.03364752712926899,-0.6461865860360624,1.159635680827464,0.0
277,-0.6907246316250657,-1.2785786649311157,0.9765013641099657,0.66036769670006,-0.17013364786876795,-1.6888006818247963,0.0
278,1.1303549103612869,-1.1397659956074135,0.9583152958114798,0.1262231088631883,-0.525489982013797,-1.21868344470637,0.0
279,0.3822670139565447,0.39501026940104766,-0.32158091330651606,-0.19288420620971344,0.13724323959547435,0.4567861502582542,0.0
280,-0.7459366177008575,1.3423541538069217,-1.2223051941178695,-0.32891667214384873,1.0175051570748235,1.1295188299030363,1.0
281,0.4415209939850985,1.9950735525391943,-1.7767226245634504,0.7549045523557872,1.3423233431139199,1.8091128260281724,1.0
282,0.800858948671423,-0.044297349751750134,-0.2992398215921235,0.18902033307264648,1.411733580480437,-1.145989714618432,1.0
283,-0.47877700684688196,0.11383636390762801,-0.23828063979422912,-0.8353440359029366,0.6592820353084411,-0.3437635898170397,1.0
284,-1.993741161169401,-1.5967079521121617,1.6880464747101864,0.7702049538941013,-2.2068363273898663,-0.5790927700952229,0.0
285,-0.7036158472566585,-1.3971130719374567,1.3370597561803566,-1.3381096990954815,-1.335211080831966,-0.9637201377581719,0.0
286,-0.3083790993729292,0.14603589860297866,-0.3532268764158738,0.2053689437569236,1.048134578849874,-0.5962398783712539,1.0
287,1.7845221309116552,1.6621716109110671,-1.5261760103645918,0.12628026060664396,1.3137902218138073,1.357308847340415,0.0
288,-0.4960230565916543,1.318677953328144,-1.1595124403628247,-1.9600947106691409,0.8240574848061778,1.2442256371220983,1.0
289,0.2714681428385595,0.41117519927156515,-0.15308472873901477,-0.9221773420463634,-0.630310431508404,1.0685873970554916,0.0
290,-0.6902703025123409,0.6400281943697123,-0.6535700438990033,-0.47877965584216103,0.7864001963135505,0.3074502070634839,1.0
291,-1.294316940205988,-0.9388023469676007,0.8232328450984184,-1.6899047624371437,-0.5770697010149856,-0.8931612602208732,0.0
292,1.3936473883587301,0.5090635694829462,-0.348758540698603,0.0006120706245297607,-0.10265351886555596,0.8031023774655257,0.0
293,0.891510128414889,-0.32867278713986614,0.7101813257727136,-0.11569973708475613,-1.9980278370622702,1.0650374300020615,0.0
294,-2.07623720752822,1.3032590129449628,-1.189999213380082,-0.47611302259730615,1.0018859975350853,1.085871309116116,1.0
295,0.5130790424114828,-1.5907963828807639,2.0152091408775172,-0.17144798898529917,-3.617744933711833,0.5116442875434914,0.0
296,0.3055649549839578,-0.8078780705449822,0.30580047190160564,0.5709495462561195,1.2170726280783417,-2.0831754737259036,1.0
297,-2.0229337850764937,0.6498302243589783,-0.5271310954718382,-0.07004799536851579,0.21768858133635816,0.7576633786681264,1.0
298,1.44594576113307,1.3172177680556185,-1.1423600741884494,0.28632131170715813,0.7556053623682646,1.2946583803181746,0.0
299,-0.13933659555470462,1.079526407345837,-1.0518241439236864,-0.7910370195102895,1.1112869997860144,0.6835953522147356,1.0
300,-0.6516912308094068,-0.2167801290533421,0.6189313777026696,-0.5133836148546818,-1.9584822267744701,1.1939155562514672,0.0
301,0.3672309479673614,-1.5180717327703885,1.6025104075699776,0.6154608754760342,-2.0879305001001613,-0.5584140219734934,0.0
302,0.7032454740958176,-0.18517553400848594,0.3804575132228766,0.43610346277395773,-1.042013203710465,0.5358516134127542,0.0
303,-1.9325680037043387,-0.6603631285963224,0.26962590436484374,2.350540705040321,0.9111493616947455,-1.638596333789545,1.0
304,-0.3378940014894777,-0.07441481164730357,-0.18827836134428552,0.24733662298409181,1.0333501120828803,-0.8985817642530808,1.0
305,1.654610015428661,0.1627489545357955,-0.3364628596774535,0.3173578871421511,0.9246787246993405,-0.4777540668708401,1.0
306,-0.07296421674700923,-1.3275828002214476,1.255514590508752,-0.18536183317113644,-1.204902867381568,-0.9647453152595885,0.0
307,2.3317043025053668,-1.0818732162564197,1.3572724561555671,-0.12522592022406157,-2.4040281717828798,0.30474301719917585,0.0
308,0.3881729123180239,1.468499366498039,-1.289669475250214,0.24937250451440318,0.9109543723187263,1.3907495145492033,1.0
309,-1.1099747397581199,-1.2984666223525094,1.3936796973968417,0.005817584801958687,-1.883737191683304,-0.40257321192875095,0.0
310,-1.1940935075013954,0.8328140930672413,-0.6535657917206193,-0.02682790792916686,0.18535555397683212,1.0428374404615288,0.0
311,-0.9255991649671471,-1.0840796294870017,0.8784446031170845,0.37402146525903385,-0.35914914582715163,-1.2670484304435914,0.0
312,-0.5812107315974469,-1.571781654127046,1.531636678183006,0.4423242812957525,-1.6188304959219548,-0.9946912180401409,0.0
313,-1.0189600130010947,0.9638675743262752,-0.8989089871441538,1.354126543561673,0.8210215964314358,0.7416885120100135,0.0
314,0.14592144353416517,0.13966121786778832,0.203312270877009,0.7818226509439271,-1.3007491107106928,1.196547102376307,0.0
315,0.5209433849192118,-0.08094360011783978,-0.07632747167600507,0.16931623573838084,0.5772156979454466,-0.5579653626276027,1.0
316,-0.09136757793975284,-0.8969695211797091,0.6074296945890311,1.760258824665847,0.21102021757948375,-1.4381900785465096,0.0
317,0.1321797284564465,-0.45417474175740424,0.24585366314737198,0.8744358046250079,0.36951948357379627,-0.9297162597726812,1.0
318,-0.33939204921006366,0.0710380734757573,-0.3209135837277961,-0.31731828741161244,1.1444139899054082,-0.7768127391175913,1.0
319,-0.3010984717808122,-0.003821705518501757,0.22576672468161352,0.23520653893847313,-0.9490000800702226,0.7225516847486289,0.0
320,-0.809530494757383,1.8375952153245692,-1.654681898511178,0.6336200014470357,1.3138424298544265,1.6068821615297701,1.0
321,0.5609154373540198,-1.2937525443099271,1.3124243732154925,0.7415734024466224,-1.5525925767337236,-0.6498905818638491,0.0
322,-0.8024869708833645,-1.1059915875343052,0.9038466284633754,0.141492550810756,-0.39895354311335574,-1.2676929011474425,0.0
323,-0.9992209841538037,-0.6684605341808096,0.45214380745613975,1.0514980297960286,0.1595559725663418,-1.0735617242077478,0.0
324,-1.407316073587907,1.6810125126580502,-1.437629002244582,-0.16119556359985568,0.8781758740307626,1.7182830361399932,1.0
325,0.2800927098263662,0.6501318615276537,-0.44927261232423044,-0.06198916053844227,-0.11463522648995306,1.0130222722845914,0.0
326,-0.8655807313538603,-0.4629949357969221,0.1550386039430033,-0.750508276147881,0.7835467588981496,-1.2598720961945222,1.0
327,-0.8657688257940143,1.5952183535774251,-1.3177593316090561,0.09877346058598131,0.6354539044442841,1.7824000171184977,1.0
328,-0.21192983856689648,1.1738851801017351,-1.1091132109992112,-1.6255459934731844,1.0609507582820499,0.856473677751827,1.0
329,0.17806952479178506,0.94533995610311,-0.8706697763800026,0.30293085875945425,0.7585905230005613,0.7632168807088827,1.0
330,-0.1465072916061241,0.6954704456353016,-0.6222817975290262,-0.36914584913140497,0.48038433236970235,0.6210885122225791,1.0
331,-2.6017381318418726,-0.2039385257462917,0.46521198271608083,-1.1381726828893355,-1.344252286450054,0.7410047444255125,0.0
332,0.1880281062622156,-1.436184857688332,1.4085697612807038,0.12504458504198773,-1.5177643040955253,-0.8792772484704104,0.0
333,1.5280313062408415,1.4284376939838663,-1.2534544332295485,-0.36069481551733534,0.8817106032660283,1.3561783045759237,1.0
334,-0.214137439747917,1.5192541756096896,-1.158954355641557,-2.046040448346675,0.19636860436818515,2.011136983791277,0.0
335,1.8501570921329795,1.4555708792006472,-1.2569012060250964,-0.3091366288492451,0.8117908250570907,1.4484229195142033,0.0
336,0.6127106793151766,-0.8295623086512611,0.3007342351562982,1.10755682718942,1.3062381536951122,-2.1824303350365604,1.0
337,-0.31929111933147347,1.0193091890894486,-0.9460788643142849,0.35906635542065163,0.8489433509811338,0.7991582486964504,1.0
338,1.8778541740789074,-0.5124802197350667,0.13186983516692327,1.218405449284035,1.0364329222341362,-1.5242776785641738,1.0
339,0.13023998888717433,-1.0757706495841795,0.5432946806454685,0.8928425218406367,1.041421262175473,-2.3296202567060424,1.0
340,-0.16583943094373108,-1.1632474013787437,0.6733359151170448,-0.16057643776073602,0.7606524282655722,-2.238711248262738,1.0
341,-0.3863043345034981,1.471392878380763,-1.2014691936737574,0.12614743513784565,0.5265331248343628,1.689761020788275,0.0
342,-1.1966144208190284,1.757750312161565,-1.5762077419100908,0.7175051273161659,1.2287618766972244,1.5585357710542844,1.0
343,1.0407744586842471,0.6249595505514464,-0.3391565333288799,0.06412944455389404,-0.5048374911911735,1.27653311006385,0.0
344,1.074786849644472,0.14493876518393226,-0.35267848694131565,0.7646074863665413,1.0492209157720895,-0.598634351448581,1.0
345,-1.0101001816434387,-0.16395491583397567,0.3874425824718561,-1.3607862546801206,-1.1379003424405232,0.6396030139451228,0.0
346,1.7342933411900112,-0.37568819293897904,0.6968285715244541,1.0410494634268213,-1.7946209226440515,0.8421024227758754,0.0
347,2.5516909421994955,-0.26267919634483744,-0.01359783739663917,0.9498625653392251,0.8768003746597184,-1.0463752693084618,1.0
348,0.9616251270586614,-1.1082394879010142,0.8832618514992259,-1.3570532876740053,-0.3043320245543787,-1.3434768115751798,0.0
349,0.2415590991170197,-1.4670467385286399,1.4062538749866615,-0.6989919527120857,-1.411692809148859,-1.0045599181259919,0.0
350,1.1038558098285152,0.2633432816540763,-0.07858192961795236,-1.4338673530360966,-0.4865326450742382,0.7479410228495859,0.0
351,-1.2056148816655712,0.6430644263282743,-0.4253689061514413,0.7816850189271305,-0.19434150715057397,1.0641095634061923,0.0
352,-0.3500523596846012,0.9865945946916522,-0.940067248936953,0.9210218279690311,0.925347096257308,0.6939978164155005,1.0
353,-2.3754620826525628,0.9431638236344551,-0.6682733623160387,0.6502250924357286,-0.09607040988383964,1.415741358093306,0.0
354,1.25202290384821,-1.1493866891829172,1.0577331488786854,1.0558952940971216,-0.9186416604619625,-0.9307814025732806,1.0
355,1.3922432486540008,0.4518526060221182,-0.42968170840200415,-2.592298494222775,0.42013398095375176,0.3206591468015707,1.0
356,0.6309528341815952,-1.1439592203894695,1.0169807067713974,0.7211951060651549,-0.7621105885135757,-1.0431354752614908,0.0
357,-0.47509977692929767,1.9700170681304952,-1.892682849168288,-0.7265575535424845,1.9139921917332767,1.3349252898176973,0.0
358,-1.5665526251851307,1.4181410677564883,-1.3345939498022772,1.1699876713848185,1.2591594703381424,1.0519813743441848,1.0
359,0.6543426657857732,1.4039940523431198,-1.2409373790241172,-0.9036507115911796,0.9046403166612466,1.3038073468300788,1.0
360,0.08033721717023788,0.7622205134474166,-0.5620932850518883,1.422577731362263,0.016109270786660357,1.072219491446034,0.0
361,-1.855390245588647,-1.5912525430728766,1.5008340957208222,-0.7265444176008155,-1.4270255297619427,-1.1695326453310422,0.0
362,1.5793443341728517,0.7724260460199107,-0.7413912513652678,0.18424486196052936,0.7474256096283265,0.5257393483931287,1.0
363,-0.9261384068393966,0.8518291739671778,-0.7938190765788973,-2.2315603557185715,0.7230243192208227,0.6574420005792553,1.0
364,0.2152926712425906,1.5146439583330455,-1.3837388412030442,-0.010861852955120129,1.1674752923373357,1.2596291149066934,1.0
365,0.7442545615981642,-0.5910606587390153,0.8894577827507855,0.572349189289622,-1.9430525953673223,0.6495088799844515,0.0
366,-0.7696698836624974,0.9267933999927201,-0.6510462360088529,-0.5514090269521688,-0.1183567838447872,1.4095437435614961,0.0
367,-1.5974730617569444,0.786703369424379,-0.8084276297970034,1.2898825294219858,0.9882369184894927,0.36132548262085895,1.0
368,1.2592110245374133,-1.6943627005340656,1.9118814558513528,1.3079627767382107,-2.8550819226611535,-0.22077026126280042,0.0
369,0.17084135163152545,-1.2291355173608056,1.090365772516532,0.7723849704650918,-0.8089097358654231,-1.1284341389092083,0.0
370,0.5146857532751496,1.3409367489009805,-1.2440945362473017,0.4264540809958963,1.114664438486897,1.0529698970611148,1.0
371,-0.7851461471697604,0.19241780052544885,-0.4056011701222993,0.5283331237799678,1.1264519453280375,-0.5903204630717852,1.0
372,0.2659638591328556,1.1274587408929375,-1.1660167165734547,0.7039217053240797,1.4478834305510129,0.4935918508293571,0.0
373,1.41191306527033,-1.5142399098870987,1.648400968666605,0.7922908763176554,-2.29519721063288,-0.3939648049880389,0.0
374,-1.9649002546570438,0.6074985627660288,-0.24360367264231936,-0.7822792047829624,-0.8570960938054958,1.5219094757989744,0.0
375,0.359753048436328,0.98114057497519,-0.8690226380680224,0.46987077695434387,0.6399684330682032,0.9051546845547828,1.0
376,-1.2375547762246544,0.4084799445396432,-0.4926083629045009,0.9123783036007405,0.8231821326786523,-0.05023978844195465,1.0
377,0.8644411707133987,1.1731977765078447,-1.0596025293232887,0.5274266780180316,0.852365065918212,1.0155042143044788,1.0
378,-0.30800590933669053,0.7839164588792717,-0.7060945632598553,0.37402337900162586,0.5613725242331212,0.6848128758405603,1.0
379,-0.2194165781700234,-0.25127207942227026,0.5793411687255154,0.5761275988936675,-1.6824456767556804,0.9330853076739893,0.0
380,0.617482033112224,-0.76977368570789,0.5618689657881246,0.5702006165943686,0.008393144233355576,-1.1017631390025588,0.0
381,-0.6738404628455856,-0.4339250978535381,0.7910337499669664,-1.0438585937502614,-2.0140210702551196,0.9275406532718785,0.0
382,1.1746156391933875,-1.1400225074678074,1.0967816988623678,-1.565148700936686,-1.1140348164675933,-0.7675684439220076,0.0
383,-1.3601207899121028,0.3174664570692666,-0.3873602987482016,1.2693135625854584,0.6589647518534827,-0.05377132013914099,1.0
384,-0.9351248621136915,-1.1957775713912036,0.6703031388259253,0.2472567738974565,0.8749762045548084,-2.3726981829469485,1.0
385,0.15177370749589564,-1.1250679796945475,0.8770715337345819,1.4097750869623662,-0.2255203590745789,-1.4278797714633593,0.0
386,0.7153332051244492,0.08257786064646816,-0.3328879012675145,0.3691386459900614,1.1594031367545774,-0.7718909301978492,1.0
387,-0.4973659586003242,-0.3969867331462612,-0.049407502777409164,1.810146680234225,1.4479297067004497,-1.6756041993083934,1.0
388,0.42634053097726615,0.282224003098294,-0.5341416268250024,0.48594715760059043,1.393570865182016,-0.6674438373117937,1.0
389,-0.5435074203204661,0.654051712263187,-0.5897001692594503,-1.7074927553960584,0.4708359527650241,0.5694777402598064,1.0
390,-1.044381659526022,-0.3299824383120818,0.09329352205792303,0.0009388766615451841,0.6316700347097706,-0.9540997432375017,1.0
391,-1.0889934542778548,0.06956441646941695,-0.20868381850916767,0.5433070252274653,0.6713328128191993,-0.4160032303934015,1.0
392,0.008924001898619952,-0.9772627240045412,0.6443562060391945,-0.0688941076406137,0.30417351274522897,-1.6238997442791954,0.0
393,0.901034083296119,0.8952290689883956,-0.8306311619650845,-0.04728707745999761,0.7444020462895407,0.7027973644223069,1.0
394,-0.26701076850593997,-1.2323596606154064,0.9716567596748501,1.2532369042005924,-0.293605611442755,-1.5283179743757436,0.0
395,-2.19575379928636,0.5648460321605479,-0.7035917242211299,-1.2930150857748761,1.2336906820244935,-0.14264987161875942,1.0
396,-0.9707984983580057,1.7767700561237234,-1.601484117197119,-1.2566514499032224,1.2770482037484838,1.5485582660890862,1.0
397,0.07654526588128695,-1.149741365380159,1.2531174154729536,-1.807607610298966,-1.749135843322582,-0.2942037544848044,0.0
398,0.2893057457672089,-1.4176125938286026,1.5317826084917765,0.4862949302081289,-2.1000868528351937,-0.40614364022523686,0.0
399,-0.43228537138884593,1.1676174095198197,-1.0424129118296657,-0.8496779934671017,0.7965994126232864,1.050342330895998,1.0
400,0.9599113099288265,0.04092134071862359,-0.19190809764018726,2.2023198998313878,0.6892287668060695,-0.4704881786683238,1.0
401,-0.4963369488188013,1.6256631214366049,-1.5696257357519203,0.8913223525973388,1.6125404855646566,1.0761852596996138,1.0
402,0.717117598191873,-0.15925271037371883,-0.07514123157804996,0.6054360492665151,0.8163021455222622,-0.8527989475679176,1.0
403,0.23420081503768989,-0.46809241434902443,0.14937600423327285,-0.7657925569798687,0.823539898102431,-1.2978046189791785,1.0
404,-0.1375088757602049,-0.35778929728601006,-0.0797210559806625,1.1835405276349955,1.454749727678307,-1.6250611935144728,1.0
405,0.45260800663092554,-1.2027499111694002,1.034611150128857,0.2573396765904101,-0.6538647571383471,-1.2098265050872452,0.0
406,2.1061518651352604,0.9853554950155852,-0.9458335798461919,0.48236904182373763,0.9537529125882578,0.6704442276735016,1.0
407,-0.4387434815038112,1.1900455709629114,-1.1333676894968108,0.5904279230396775,1.113801938060031,0.8389257936681866,1.0
408,-1.1898753618911773,1.6147938516147908,-1.2710596620167303,-0.8190401893650664,0.37566118881659594,2.0095445350804697,0.0
409,1.022962902006374,1.871296581545662,-1.7279199387566806,1.5320170168045928,1.520493306728809,1.4963119997943126,1.0
410,0.08764292141621877,-0.6361382589207092,0.2229678029813026,0.07208800360874966,1.0342137573532506,-1.6985305509288966,1.0
411,0.5307420651676967,-0.7331471380652878,0.43031311928581073,-1.022966472062423,0.45413837659873413,-1.3915832349500665,1.0
412,-0.736600688797041,-1.6375126807950193,1.8173133785406237,0.4531612683988717,-2.6298134615864184,-0.3126835708993979,0.0
413,0.1598022168919489,-0.2972458177191104,0.5689261860501927,1.0210299564842855,-1.4947900745300051,0.7237155333559426,0.0
414,0.3482452061410401,0.6716839190571806,-0.43899188427476693,0.643641030387443,-0.22558272986955197,1.1287982750992747,0.0
415,-0.33918209301401964,-0.8388583187643285,1.1906009606652284,0.7800710061515662,-2.4522560936369278,0.687529465935969,0.0
416,0.949351509817362,-1.029573428738486,0.5565075764895923,-0.8018439023190838,0.8411603786021402,-2.1102628184220382,1.0
417,-0.2773996534004938,0.18288007903557899,0.07819929857587242,-1.1541812786850731,-0.9029783194137092,0.9529091114826974,0.0
418,-0.5290670348789596,1.199738867831226,-1.1757499770143824,-1.593320119688175,1.2639709188635249,0.7375220820695586,1.0
419,1.6952209665686595,1.4824226568645131,-1.3182092945616777,0.4899316603560387,0.989019290439919,1.3506766509917607,1.0
420,0.329004105925056,-1.0230308869437827,0.7725732540712008,0.5377275090526594,-0.09886126495509406,-1.3798511313254611,0.0
421,0.6812437090677472,1.107964615017981,-0.9753305288797604,1.1672732208498848,0.6970542139197473,1.0418236584739489,1.0
422,-0.8970739021279096,-0.3073437030361647,0.05595943788586691,-0.7739897842772767,0.7199942003634223,-0.9896412406014609,1.0
423,-0.37433699655606795,0.4600356987559907,-0.5962522891356703,-0.5432067468358878,1.1035847988252592,-0.19198053077422117,1.0
424,-0.6588396079040688,-0.9920251272962023,0.4975910002069811,-1.009585270553015,0.9748626947869251,-2.159399367715265,1.0
425,0.14531049470114485,-0.6828658757923609,1.032921553575086,-0.9452629869298096,-2.2674564385105045,0.7677317916688312,0.0
426,-0.6079853830412766,0.9887433544130897,-0.8685633142105457,0.42404308301449456,0.6143111303778254,0.9356548476109029,1.0
427,-0.46038896979045985,0.7368098488384732,-0.4613103581719135,-1.668984772726279,-0.3336258860389325,1.3043483544153716,0.0
428,0.17743913504096978,-0.602123599180502,0.8894799496666714,0.16335032740492308,-1.9086572788536804,0.6073821542606569,0.0
429,2.673302032174789,-1.0954671023512537,0.8800629685561214,0.874990383268934,-0.3305358559776539,-1.3052014752029586,0.0
430,0.1768346572009541,0.6383548093319198,-0.7551468360332027,-0.44258812527049257,1.2239510678885612,-0.030581548448306184,1.0
431,0.5757301699029649,-1.2071064134896077,1.1795098512631967,-0.062232788976994836,-1.2570048452264126,-0.7533492546331881,0.0
432,-1.3817484096118626,0.759463581701593,-0.7381820103358636,0.7893378951608071,0.7741779415124952,0.48677278410025526,1.0
433,-1.154809453827768,0.3514316615115724,-0.013380884375611751,-0.8773630477743116,-1.0386662017989592,1.2968319998592586,0.0
434,1.134347287277916,-1.3673369137929192,1.2789044432008052,-0.05120773794759351,-1.180518552436066,-1.0400176583264271,0.0
435,-0.7357810460978681,-1.125145211590641,0.8938870084267635,1.7118784935553109,-0.29685007022296295,-1.3732717655710165,0.0
436,0.4959715320585621,1.200600318780684,-1.1619881381183839,0.3936577291569645,1.2027117526650257,0.7857405173150795,1.0
437,0.8015497001256028,-0.9979692227823835,0.8737268813697873,-0.6488898699283845,-0.6075260131596434,-0.9539874466791234,0.0
438,0.948534287730597,1.419588192249695,-1.2859194537351697,0.33469269799489476,1.0474782002222092,1.2164238246832275,1.0
439,1.2810598233190433,0.19260290975826072,0.1979076125849758,0.394388433374723,-1.4427959116392104,1.3808446280846516,0.0
440,-2.3729264736713915,0.4102016553921928,-0.5966722930436449,-0.022273914068408618,1.2607343276782883,-0.3834416169031537,1.0
441,1.0018659260277898,-1.114927128160815,0.5470720138547152,-1.5442987490534634,1.1474177464094333,-2.4666479152156455,1.0
442,-0.478753664646459,1.240754429102419,-0.9230966275441918,0.8396472723770252,0.06075122531760191,1.7188885090383916,0.0
443,-0.4622280683090221,0.7183500617355891,-0.51022593940609,-1.7747468217154228,-0.06788007038639454,1.0742247049674345,0.0
444,-1.4547469900283716,1.4904181507394605,-1.3350328268823737,-1.0327302905200548,1.0356974370671972,1.3262461997235755,1.0
445,1.1383405084764882,-0.6825541108966275,1.0245785195986714,1.7536349511690794,-2.232918540436266,0.7416809602010681,0.0
446,-0.922851586474706,-0.23662008419774969,-0.1170385076902724,-0.5192031785882771,1.2358259017521291,-1.2847082022856955,1.0
447,-1.1324228737619673,-0.34547893335795476,0.6242067266873059,-0.443839527807247,-1.579705772280667,0.720223654408044,0.0
448,-0.9722159532611026,-1.0219176270337804,0.6426612503790379,1.1675303425111307,0.45060311309516343,-1.799767950330709,1.0
449,0.9909494503561757,-0.1498205576416467,-0.05308637964823133,0.31877989196531414,0.6930261314469784,-0.7448112201360343,1.0
450,-0.2486957276656371,1.0661615938398163,-1.0465313417281716,0.06576611628925497,1.1304255790802369,0.6498968815617296,1.0
451,-0.04410068511028167,0.7818388940652332,-0.6924387862982961,0.9626754262434537,0.5097274150313089,0.7214742717249801,1.0
452,0.4288468940680651,-0.9380932416642995,0.6826295727865821,-0.3601825923573767,0.019159136648400077,-1.3495267513177769,0.0
453,1.0161364005977422,0.8049106561134661,-0.7960120616592896,-0.42807657809501015,0.8786306591649553,0.47131326673239793,1.0
454,0.31345868792607023,-0.628897904963752,1.0033278341166108,0.8597235938344185,-2.3097486011229575,0.8769666154283129,0.0
455,-0.6164210514004925,0.46331052351250906,-0.31943964542934805,0.3683534952148845,-0.08480237348896336,0.7243057217948303,0.0
456,-1.4584289824104468,0.2837733979383839,-0.047845841999004234,-0.3048712649510275,-0.6810450673941054,0.9262242747522588,0.0
457,1.3338892662529547,1.8080931771723385,-1.6163042380766282,0.6868573338752042,1.2424735003682446,1.6196511726549025,1.0
458,0.14235042163324213,-1.3440089694460802,1.3662186657064745,-1.0911406457199289,-1.6248746234633948,-0.6659528932477804,1.0
459,-0.4247686930395536,0.16106903710498707,0.12109839508970521,-0.08627611930237357,-1.017568849288985,1.0097776001299568,0.0
460,0.6051840551276976,1.2947527076775842,-1.1007789743327774,-0.27915253690967634,0.6486634848035224,1.3447288790423468,1.0
461,1.2308009044258725,0.00594796701621215,0.29991014645601993,-0.32465870468084923,-1.2950291518256134,1.001896290985493,0.0
462,0.2749878608940468,-0.2683133429233859,0.5356725249764005,0.21118939052601884,-1.4434543902344168,0.7255038296976433,0.0
463,1.1372091881656994,0.51130692240621,-0.3345153808469258,-0.6927842187041704,-0.17026949433184213,0.8581635323172301,0.0
464,-2.534261500417438,1.744201194482032,-1.629173637605114,1.936653888785618,1.496437320373766,1.3339193589418477,1.0
465,-0.7968700661099575,-1.1210143390263037,0.9153251993202122,0.09034345384011143,-0.40097423977011204,-1.287518939857841,0.0
466,1.1341186190496224,0.17958126905845478,-0.4611703440972761,0.5526108983812633,1.4029859854552982,-0.8207184621169622,1.0
467,-0.020948500460020135,0.9951923423917399,-0.7196740647075601,-0.754006269642185,-0.039500681076339084,1.4463783257026146,0.0
468,0.07498134414245114,1.2069177299012677,-1.0674689172588794,0.3768555280733907,0.7807213621336364,1.1184437032697336,1.0
469,1.4765857846432855,0.17032340308565383,0.16934210380724246,-1.139709430149847,-1.2517563341155382,1.2025939077832317,0.0
470,-0.3700523633400417,1.1329738177364868,-1.0692127545438406,0.5081125687821358,1.0186700072954251,0.8306942585089256,1.0
471,-2.2842755081112895,-1.407369791673595,1.3423172513415436,1.4994957762215553,-1.3256119751819764,-0.9856781987595119,0.0
472,-0.037571962378665204,-0.9413613623525228,0.8613193812312592,-0.05422012596334,-0.7311967193411544,-0.7785697933739307,0.0
473,-1.7733148428241,-1.2174417742045742,1.0743242445039967,-0.35125362310841685,-0.7770895863418752,-1.1362045328684929,0.0
474,-1.5515854842066996,0.976365643755106,-0.7998030699271736,1.3420644776879618,0.3602404506599912,1.1129431329123043,0.0
475,-1.2216957832683506,1.4028853712436447,-1.242389802244723,-1.3507066892055568,0.9142785687652424,1.2948361628185197,0.0
476,-1.3430289579083035,0.17814249144846978,0.08892371202415555,0.3379542345620772,-0.9338540294752724,0.9698530516461409,0.0
477,0.8152490859979163,0.6816161565781701,-0.6209915586590561,0.462728428326053,0.518084714264429,0.5724545705699909,1.0
478,-0.24916130266641343,0.38663535803086324,-0.5629269741084332,-0.43613394114322906,1.190576518038276,-0.36315559970180067,1.0
479,0.833375726120149,0.5517136935707423,-0.759536609800666,-1.1082845439727815,1.5127460402986515,-0.3754029140994749,1.0
480,-1.0929801308920206,1.7412111632079603,-1.6146322821357837,-0.05671273525882164,1.4438676797559156,1.3699916095314062,1.0
481,-1.0693203255837884,-1.1543171146123519,0.8862648710541906,-0.8219068192286869,-0.17346261329393187,-1.5094330236095987,0.0
482,0.7590618421328647,0.8954114601767764,-0.9089037912560125,1.9260032730870555,1.0769795545367724,0.4479325866356063,1.0
483,-0.08575797529463541,0.36912218273226194,-0.18505729116039824,-0.2561520949714228,-0.36312404821757416,0.8037874450517434,0.0
484,0.019237762676201777,0.9131390594832027,-0.9004943639544959,-0.2912096157945704,0.9859198090593341,0.5430105556975298,1.0
485,-0.803472699719776,-0.9163250146651643,0.6786267476877633,0.03582393196152005,-0.0316682398253173,-1.2795620474277942,0.0
486,-1.8970681726122078,1.1987233247868783,-1.1153248766367299,-0.23483175772913636,1.00995397875583,0.9309365732324696,1.0
487,-0.3878763793747554,0.09714516820412994,0.0879046177549903,-0.18603428316442902,-0.6770004426689809,0.6575649692055909,0.0
488,-1.4471283033843911,-1.500939028952579,1.569091976904901,-0.33843528311081583,-1.9991067226825163,-0.6021734076712071,0.0
489,-1.9951199856756638,-1.1015512175845494,0.7831305838449221,0.851113157050777,0.10099818934205129,-1.644893755503928,0.0
490,-0.5040842292882511,1.9360866768379084,-1.7886504262500376,-0.5562479103479115,1.5769874173798157,1.5451656490208385,1.0
491,-1.4389412111814535,-1.2633893885912795,1.20438880361203,-1.2576223498621102,-1.187428336501916,-0.8868082972756937,0.0
492,1.4901629837085844,0.3156563757146243,-0.08162269100713386,-2.5556024610294057,-0.6366810217925645,0.9375589241736516,0.0
493,0.7798705643892075,-1.0823722340001127,0.9984764155462738,1.0946753248137178,-0.8753548154002502,-0.8686312159290378,0.0
494,-0.08950662907993116,-0.6242620102609621,0.37047527998722757,-1.0685929228797046,0.36936313438050294,-1.1716165188188352,1.0
495,1.8638841582493342,0.5298287404873905,-0.6284891825565303,1.5501995578624856,1.023206572928446,-0.03101164391005795,1.0
496,1.3805801545234337,-0.798735705546875,0.5155556414699574,0.5887258779599138,0.2958047717472273,-1.3634507133133407,1.0
497,0.7282200400211895,0.5244179889575697,-0.6790045430172966,2.43739891809717,1.2550799275848363,-0.2165836064942701,1.0
498,-0.6309940918231419,0.21482858180997436,-0.42724202315805626,-1.4104171387170392,1.1486928129125997,-0.5754930078236915,1.0
499,-0.7697586538145845,0.7316311621186214,-0.7056648604003829,0.4145650361950785,0.7225474999779751,0.486775887777139,1.0
